0,0.72549
0.008,0.67059
0.016,0.6098
0.024,0.55098
0.032,0.5
0.04,0.4549
0.048,0.4098
0.056,0.3902
0.064,0.37451
0.072,0.35882
0.08,0.3549
0.088,0.34902
0.096,0.3549
0.104,0.36471
0.112,0.3549
0.12,0.36471
0.128,0.37451
0.136,0.37059
0.144,0.3902
0.152,0.3902
0.16,0.3902
0.168,0.39412
0.176,0.40392
0.184,0.40392
0.192,0.4
0.2,0.39412
0.208,0.38431
0.216,0.38431
0.224,0.38039
0.232,0.3902
0.24,0.40392
0.248,0.41961
0.256,0.41961
0.264,0.42549
0.272,0.42549
0.28,0.4
0.288,0.3902
0.296,0.40392
0.304,0.41961
0.312,0.42941
0.32,0.43529
0.328,0.42941
0.336,0.41569
0.344,0.4098
0.352,0.41569
0.36,0.41961
0.368,0.40392
0.376,0.34902
0.384,0.6549
0.392,1.5039
0.4,1.5039
0.408,1.5039
0.416,0.66078
0.424,0.42941
0.432,0.41961
0.44,0.40392
0.448,0.38431
0.456,0.34902
0.464,0.33922
0.472,0.3549
0.48,0.38039
0.488,0.38039
0.496,0.3902
0.504,0.40392
0.512,0.39412
0.52,0.40392
0.528,0.42941
0.536,0.43529
0.544,0.43922
0.552,0.46078
0.56,0.48431
0.568,0.51569
0.576,0.55098
0.584,0.60588
0.592,0.6549
0.6,0.69608
0.608,0.72549
0.616,0.74118
0.624,0.75098
0.632,0.74118
0.64,0.71569
0.648,0.66471
0.656,0.60588
0.664,0.5451
0.672,0.47451
0.68,0.42941
0.688,0.38431
0.696,0.3451
0.704,0.31961
0.712,0.3098
0.72,0.3098
0.728,0.3098
0.736,0.30392
0.744,0.29412
0.752,0.3
0.76,0.32941
0.768,0.32941
0.776,0.32353
0.784,0.33922
0.792,0.32941
0.8,0.33529
0.808,0.33922
0.816,0.33922
0.824,0.33922
0.832,0.33922
0.84,0.33529
0.848,0.32941
0.856,0.31961
0.864,0.32941
0.872,0.33529
0.88,0.33922
0.888,0.3549
0.896,0.36471
0.904,0.3451
0.912,0.33529
0.92,0.31373
0.928,0.3098
0.936,0.31373
0.944,0.32941
0.952,0.31961
0.96,0.33529
0.968,0.3098
0.976,0.3098
0.984,0.30392
0.992,0.3098
1,0.31373
1.008,0.26471
1.016,0.4549
1.024,1.2078
1.032,1.5039
1.04,1.5039
1.048,0.82549
1.056,0.33529
1.064,0.31373
1.072,0.33529
1.08,0.31373
1.088,0.3098
1.096,0.30392
1.104,0.3098
1.112,0.31373
1.12,0.3098
1.128,0.33529
1.136,0.33529
1.144,0.34902
1.152,0.36471
1.16,0.37451
1.168,0.40392
1.176,0.42549
1.184,0.44902
1.192,0.48039
1.2,0.51569
1.208,0.57059
1.216,0.6098
1.224,0.67647
1.232,0.73137
1.24,0.77647
1.248,0.8
1.256,0.8
1.264,0.8
1.272,0.77647
1.28,0.71569
1.288,0.65098
1.296,0.58431
1.304,0.50588
1.312,0.43529
1.32,0.37059
1.328,0.32941
1.336,0.2902
1.344,0.25882
1.352,0.23922
1.36,0.22941
1.368,0.23922
1.376,0.2549
1.384,0.26471
1.392,0.28431
1.4,0.30392
1.408,0.32941
1.416,0.3451
1.424,0.3549
1.432,0.37059
1.44,0.38039
1.448,0.38431
1.456,0.39412
1.464,0.38431
1.472,0.38431
1.48,0.38039
1.488,0.37451
1.496,0.37059
1.504,0.36471
1.512,0.35882
1.52,0.37451
1.528,0.38431
1.536,0.38039
1.544,0.35882
1.552,0.34902
1.56,0.31373
1.568,0.3098
1.576,0.31961
1.584,0.33529
1.592,0.33922
1.6,0.33529
1.608,0.33529
1.616,0.32353
1.624,0.32941
1.632,0.33529
1.64,0.3451
1.648,0.3
1.656,0.25882
1.664,0.71569
1.672,1.5039
1.68,1.5039
1.688,1.3784
1.696,0.51961
1.704,0.40392
1.712,0.4098
1.72,0.37059
1.728,0.3549
1.736,0.33529
1.744,0.3549
1.752,0.37059
1.76,0.37451
1.768,0.36471
1.776,0.38039
1.784,0.38039
1.792,0.38039
1.8,0.4
1.808,0.41961
1.816,0.41961
1.824,0.46078
1.832,0.47451
1.84,0.50588
1.848,0.52549
1.856,0.5902
1.864,0.61961
1.872,0.67647
1.88,0.72157
1.888,0.75098
1.896,0.77647
1.904,0.77059
1.912,0.77059
1.92,0.7451
1.928,0.6902
1.936,0.62941
1.944,0.56471
1.952,0.50588
1.96,0.4549
1.968,0.41569
1.976,0.3902
1.984,0.36471
1.992,0.3451
2,0.33529
2.008,0.32941
2.016,0.33529
2.024,0.32353
2.032,0.33922
2.04,0.35882
2.048,0.36471
2.056,0.37451
2.064,0.36471
2.072,0.38039
2.08,0.38431
2.088,0.39412
2.096,0.40392
2.104,0.38039
2.112,0.39412
2.12,0.39412
2.128,0.38039
2.136,0.37451
2.144,0.37059
2.152,0.37451
2.16,0.3902
2.168,0.4
2.176,0.39412
2.184,0.3902
2.192,0.38039
2.2,0.3549
2.208,0.31961
2.216,0.3451
2.224,0.35882
2.232,0.37451
2.24,0.37059
2.248,0.37451
2.256,0.33922
2.264,0.34902
2.272,0.33922
2.28,0.34902
2.288,0.3549
2.296,0.26863
2.304,0.44902
2.312,1.1765
2.32,1.5039
2.328,1.5039
2.336,0.81569
2.344,0.4549
2.352,0.42941
2.36,0.4
2.368,0.36471
2.376,0.34902
2.384,0.33922
2.392,0.34902
2.4,0.37059
2.408,0.35882
2.416,0.38039
2.424,0.39412
2.432,0.40392
2.44,0.41569
2.448,0.41961
2.456,0.42941
2.464,0.44902
2.472,0.47059
2.48,0.4902
2.488,0.51961
2.496,0.56471
2.504,0.6
2.512,0.6451
2.52,0.69608
2.528,0.7451
2.536,0.77647
2.544,0.79608
2.552,0.79608
2.56,0.78039
2.568,0.74118
2.576,0.7
2.584,0.65098
2.592,0.58431
2.6,0.52549
2.608,0.48039
2.616,0.4549
2.624,0.42941
2.632,0.41569
2.64,0.4
2.648,0.3902
2.656,0.3902
2.664,0.40392
2.672,0.41569
2.68,0.4098
2.688,0.41961
2.696,0.42549
2.704,0.41961
2.712,0.42549
2.72,0.41569
2.728,0.42549
2.736,0.42549
2.744,0.41569
2.752,0.4098
2.76,0.40392
2.768,0.39412
2.776,0.40392
2.784,0.4
2.792,0.38039
2.8,0.40392
2.808,0.4098
2.816,0.40392
2.824,0.41569
2.832,0.39412
2.84,0.37451
2.848,0.36471
2.856,0.35882
2.864,0.35882
2.872,0.36471
2.88,0.3549
2.888,0.35882
2.896,0.34902
2.904,0.33922
2.912,0.33529
2.92,0.33529
2.928,0.3451
2.936,0.27451
2.944,0.42941
2.952,1.0922
2.96,1.5039
2.968,1.5039
2.976,0.89608
2.984,0.35882
2.992,0.33922
3,0.3549
3.008,0.33529
3.016,0.3098
3.024,0.31373
3.032,0.3098
3.04,0.31961
3.048,0.33529
3.056,0.32941
3.064,0.3451
3.072,0.3549
3.08,0.35882
3.088,0.37059
3.096,0.37451
3.104,0.3902
3.112,0.41961
3.12,0.4451
3.128,0.48039
3.136,0.52941
3.144,0.57059
3.152,0.61961
3.16,0.68627
3.168,0.72549
3.176,0.74118
3.184,0.7451
3.192,0.7549
3.2,0.72549
3.208,0.68627
3.216,0.61569
3.224,0.56471
3.232,0.49412
3.24,0.41961
3.248,0.37059
3.256,0.34902
3.264,0.32941
3.272,0.3
3.28,0.30392
3.288,0.28431
3.296,0.2902
3.304,0.28431
3.312,0.3
3.32,0.3098
3.328,0.30392
3.336,0.32941
3.344,0.33529
3.352,0.33529
3.36,0.33529
3.368,0.33922
3.376,0.3549
3.384,0.3549
3.392,0.3549
3.4,0.3549
3.408,0.34902
3.416,0.33922
3.424,0.3451
3.432,0.34902
3.44,0.3549
3.448,0.36471
3.456,0.37059
3.464,0.37059
3.472,0.37451
3.48,0.33529
3.488,0.31961
3.496,0.33529
3.504,0.33922
3.512,0.3451
3.52,0.32353
3.528,0.32353
3.536,0.30392
3.544,0.3
3.552,0.3098
3.56,0.3098
3.568,0.2902
3.576,0.2549
3.584,0.65098
3.592,1.5039
3.6,1.5039
3.608,1.4627
3.616,0.50588
3.624,0.32941
3.632,0.35882
3.64,0.36471
3.648,0.37059
3.656,0.35882
3.664,0.33529
3.672,0.33529
3.68,0.34902
3.688,0.37059
3.696,0.38039
3.704,0.4
3.712,0.39412
3.72,0.40392
3.728,0.41961
3.736,0.42549
3.744,0.42941
3.752,0.4549
3.76,0.49412
3.768,0.52941
3.776,0.57451
3.784,0.63529
3.792,0.69608
3.8,0.76078
3.808,0.7902
3.816,0.82549
3.824,0.81176
3.832,0.79608
3.84,0.76078
3.848,0.70588
3.856,0.63529
3.864,0.58039
3.872,0.50588
3.88,0.46078
3.888,0.40392
3.896,0.38039
3.904,0.3549
3.912,0.3451
3.92,0.33529
3.928,0.32941
3.936,0.33529
3.944,0.33529
3.952,0.3451
3.96,0.3549
3.968,0.35882
3.976,0.3549
3.984,0.38039
3.992,0.38039
4,0.3902
4.008,0.40392
4.016,0.39412
4.024,0.4
4.032,0.39412
4.04,0.40392
4.048,0.3902
4.056,0.38039
4.064,0.36471
4.072,0.35882
4.08,0.38039
4.088,0.4
4.096,0.4098
4.104,0.4
4.112,0.4098
4.12,0.38431
4.128,0.3549
4.136,0.34902
4.144,0.3451
4.152,0.37451
4.16,0.36471
4.168,0.37059
4.176,0.35882
4.184,0.3451
4.192,0.33922
4.2,0.33922
4.208,0.33922
4.216,0.27451
4.224,0.26471
4.232,0.94118
4.24,1.5039
4.248,1.5039
4.256,1.1059
4.264,0.48039
4.272,0.41961
4.28,0.38431
4.288,0.3549
4.296,0.32941
4.304,0.31961
4.312,0.32941
4.32,0.34902
4.328,0.3451
4.336,0.36471
4.344,0.37451
4.352,0.37059
4.36,0.38039
4.368,0.3902
4.376,0.40392
4.384,0.41961
4.392,0.43922
4.4,0.46471
4.408,0.4902
4.416,0.53922
4.424,0.58039
4.432,0.62549
4.44,0.68627
4.448,0.70588
4.456,0.74118
4.464,0.75098
4.472,0.76667
4.48,0.75098
4.488,0.7098
4.496,0.6549
4.504,0.6098
4.512,0.5549
4.52,0.49412
4.528,0.43922
4.536,0.40392
4.544,0.39412
4.552,0.38039
4.56,0.37451
4.568,0.35882
4.576,0.37059
4.584,0.36471
4.592,0.37059
4.6,0.36471
4.608,0.38039
4.616,0.38431
4.624,0.3902
4.632,0.39412
4.64,0.4
4.648,0.4
4.656,0.39412
4.664,0.4098
4.672,0.4098
4.68,0.40392
4.688,0.4
4.696,0.39412
4.704,0.3902
4.712,0.38039
4.72,0.3902
4.728,0.4098
4.736,0.42941
4.744,0.43922
4.752,0.43529
4.76,0.41961
4.768,0.4
4.776,0.40392
4.784,0.41569
4.792,0.43922
4.8,0.42941
4.808,0.42941
4.816,0.42549
4.824,0.41961
4.832,0.41569
4.84,0.42549
4.848,0.42941
4.856,0.36471
4.864,0.3549
4.872,0.99216
4.88,1.5039
4.888,1.5039
4.896,1.1471
4.904,0.5098
4.912,0.43529
4.92,0.42549
4.928,0.40392
4.936,0.38431
4.944,0.36471
4.952,0.35882
4.96,0.38039
4.968,0.37451
4.976,0.38431
4.984,0.3902
4.992,0.4
5,0.40392
5.008,0.41961
5.016,0.42941
5.024,0.4451
5.032,0.44902
5.04,0.47451
5.048,0.5098
5.056,0.53529
5.064,0.57059
5.072,0.62941
5.08,0.68039
5.088,0.7098
5.096,0.73137
5.104,0.7451
5.112,0.7451
5.12,0.72549
5.128,0.69608
5.136,0.64118
5.144,0.58039
5.152,0.51961
5.16,0.46078
5.168,0.4
5.176,0.37059
5.184,0.34902
5.192,0.33529
5.2,0.31373
5.208,0.30392
5.216,0.3098
5.224,0.3098
5.232,0.3098
5.24,0.32353
5.248,0.33529
5.256,0.32941
5.264,0.33529
5.272,0.33922
5.28,0.34902
5.288,0.33529
5.296,0.3451
5.304,0.3451
5.312,0.32941
5.32,0.33529
5.328,0.33529
5.336,0.3098
5.344,0.32941
5.352,0.3549
5.36,0.34902
5.368,0.3549
5.376,0.34902
5.384,0.3549
5.392,0.31961
5.4,0.3098
5.408,0.3098
5.416,0.3098
5.424,0.32941
5.432,0.31961
5.44,0.31961
5.448,0.32941
5.456,0.3
5.464,0.31373
5.472,0.31373
5.48,0.32353
5.488,0.25882
5.496,0.49412
5.504,1.3569
5.512,1.5039
5.52,1.5039
5.528,0.68039
5.536,0.3
5.544,0.32941
5.552,0.33529
5.56,0.31373
5.568,0.28431
5.576,0.28431
5.584,0.3098
5.592,0.31961
5.6,0.31373
5.608,0.31961
5.616,0.32941
5.624,0.33922
5.632,0.3549
5.64,0.37451
5.648,0.3902
5.656,0.40392
5.664,0.4451
5.672,0.48039
5.68,0.5098
5.688,0.55098
5.696,0.60588
5.704,0.66078
5.712,0.7098
5.72,0.7451
5.728,0.76667
5.736,0.77059
5.744,0.7549
5.752,0.72549
5.76,0.67059
5.768,0.6
5.776,0.51961
5.784,0.43922
5.792,0.38039
5.8,0.32941
5.808,0.29412
5.816,0.27451
5.824,0.26471
5.832,0.26471
5.84,0.26863
5.848,0.28431
5.856,0.30392
5.864,0.31373
5.872,0.31961
5.88,0.32941
5.888,0.3451
5.896,0.33922
5.904,0.36471
5.912,0.37451
5.92,0.37451
5.928,0.38039
5.936,0.36471
5.944,0.37059
5.952,0.3451
5.96,0.33922
5.968,0.33529
5.976,0.33529
5.984,0.33922
5.992,0.37059
6,0.38039
6.008,0.38039
6.016,0.37059
6.024,0.38039
6.032,0.33922
6.04,0.32353
6.048,0.33529
6.056,0.33922
6.064,0.3549
6.072,0.35882
6.08,0.34902
6.088,0.33529
6.096,0.32941
6.104,0.32941
6.112,0.33922
6.12,0.3549
6.128,0.26863
6.136,0.59608
6.144,1.5039
6.152,1.5039
6.16,1.5039
6.168,0.60588
6.176,0.4098
6.184,0.39412
6.192,0.37451
6.2,0.34902
6.208,0.34902
6.216,0.3451
6.224,0.35882
6.232,0.3549
6.24,0.36471
6.248,0.3902
6.256,0.38039
6.264,0.38431
6.272,0.40392
6.28,0.4098
6.288,0.40392
6.296,0.46078
6.304,0.48431
6.312,0.5
6.32,0.52941
6.328,0.57059
6.336,0.6098
6.344,0.68039
6.352,0.71569
6.36,0.75098
6.368,0.76667
6.376,0.77647
6.384,0.76667
6.392,0.73529
6.4,0.6902
6.408,0.62941
6.416,0.57059
6.424,0.5098
6.432,0.46471
6.44,0.41961
6.448,0.3902
6.456,0.35882
6.464,0.3549
6.472,0.34902
6.48,0.33922
6.488,0.3451
6.496,0.3549
6.504,0.36471
6.512,0.35882
6.52,0.35882
6.528,0.37451
6.536,0.38039
6.544,0.3902
6.552,0.40392
6.56,0.4098
6.568,0.4
6.576,0.39412
6.584,0.38431
6.592,0.38039
6.6,0.37059
6.608,0.36471
6.616,0.37451
6.624,0.3902
6.632,0.40392
6.64,0.41569
6.648,0.40392
6.656,0.4
6.664,0.38039
6.672,0.3549
6.68,0.3549
6.688,0.34902
6.696,0.37451
6.704,0.38431
6.712,0.37059
6.72,0.34902
6.728,0.33922
6.736,0.3549
6.744,0.34902
6.752,0.35882
6.76,0.27843
6.768,0.26471
6.776,0.92157
6.784,1.5039
6.792,1.5039
6.8,1.0412
6.808,0.47059
6.816,0.41569
6.824,0.38039
6.832,0.37451
6.84,0.34902
6.848,0.33529
6.856,0.31961
6.864,0.34902
6.872,0.3549
6.88,0.3451
6.888,0.38039
6.896,0.38431
6.904,0.3902
6.912,0.40392
6.92,0.41569
6.928,0.42549
6.936,0.43922
6.944,0.46471
6.952,0.49412
6.96,0.53922
6.968,0.58039
6.976,0.62549
6.984,0.67647
6.992,0.70588
7,0.74118
7.008,0.7549
7.016,0.75098
7.024,0.73529
7.032,0.70588
7.04,0.66078
7.048,0.60588
7.056,0.55098
7.064,0.50588
7.072,0.46078
7.08,0.42941
7.088,0.4098
7.096,0.40392
7.104,0.40392
7.112,0.4
7.12,0.40392
7.128,0.42549
7.136,0.42941
7.144,0.43529
7.152,0.4451
7.16,0.44902
7.168,0.44902
7.176,0.4451
7.184,0.4451
7.192,0.44902
7.2,0.44902
7.208,0.43922
7.216,0.43529
7.224,0.43529
7.232,0.42549
7.24,0.41961
7.248,0.41961
7.256,0.41569
7.264,0.42941
7.272,0.43922
7.28,0.43529
7.288,0.42941
7.296,0.41961
7.304,0.3902
7.312,0.38039
7.32,0.38039
7.328,0.39412
7.336,0.40392
7.344,0.3902
7.352,0.38431
7.36,0.38039
7.368,0.35882
7.376,0.36471
7.384,0.35882
7.392,0.37451
7.4,0.29412
7.408,0.65098
7.416,1.5039
7.424,1.5039
7.432,1.5039
7.44,0.55098
7.448,0.35882
7.456,0.38039
7.464,0.3549
7.472,0.33922
7.48,0.32941
7.488,0.33922
7.496,0.33922
7.504,0.33529
7.512,0.33922
7.52,0.3451
7.528,0.35882
7.536,0.35882
7.544,0.37451
7.552,0.38039
7.56,0.3902
7.568,0.4098
7.576,0.42941
7.584,0.4549
7.592,0.49412
7.6,0.53922
7.608,0.58431
7.616,0.63529
7.624,0.68039
7.632,0.70588
7.64,0.72157
7.648,0.73137
7.656,0.72157
7.664,0.68627
7.672,0.64118
7.68,0.58431
7.688,0.50588
7.696,0.4549
7.704,0.40392
7.712,0.35882
7.72,0.33529
7.728,0.3098
7.736,0.2902
7.744,0.29412
7.752,0.2902
7.76,0.28431
7.768,0.3098
7.776,0.30392
7.784,0.3
7.792,0.31961
7.8,0.33922
7.808,0.33529
7.816,0.33922
7.824,0.3549
7.832,0.3451
7.84,0.3549
7.848,0.34902
7.856,0.33922
7.864,0.33529
7.872,0.33922
7.88,0.32941
7.888,0.33529
7.896,0.33529
7.904,0.34902
7.912,0.35882
7.92,0.3549
7.928,0.3451
7.936,0.31373
7.944,0.3098
7.952,0.31373
7.96,0.31961
7.968,0.33529
7.976,0.32353
7.984,0.32941
7.992,0.3098
8,0.3098
8.008,0.32941
8.016,0.31373
8.024,0.31961
8.032,0.27451
8.04,0.75098
8.048,1.5039
8.056,1.5039
8.064,1.4078
8.072,0.47451
8.08,0.31961
8.088,0.3451
8.096,0.33529
8.104,0.33922
8.112,0.31373
8.12,0.3098
8.128,0.31373
8.136,0.31961
8.144,0.31373
8.152,0.32353
8.16,0.32353
8.168,0.32941
8.176,0.33529
8.184,0.3451
8.192,0.35882
8.2,0.38039
8.208,0.41569
8.216,0.4549
8.224,0.5
8.232,0.5549
8.24,0.61961
8.248,0.6902
8.256,0.75098
8.264,0.7902
8.272,0.81176
8.28,0.82157
8.288,0.80588
8.296,0.76667
8.304,0.7098
8.312,0.62941
8.32,0.5451
8.328,0.47451
8.336,0.41961
8.344,0.38431
8.352,0.33922
8.36,0.3
8.368,0.27451
8.376,0.28431
8.384,0.2902
8.392,0.29412
8.4,0.3
8.408,0.3098
8.416,0.32353
8.424,0.33922
8.432,0.33529
8.44,0.3549
8.448,0.37059
8.456,0.37451
8.464,0.37059
8.472,0.38039
8.48,0.38039
8.488,0.37451
8.496,0.37059
8.504,0.34902
8.512,0.37059
8.52,0.35882
8.528,0.38039
8.536,0.38431
8.544,0.39412
8.552,0.40392
8.56,0.38431
8.568,0.38039
8.576,0.34902
8.584,0.3451
8.592,0.33922
8.6,0.36471
8.608,0.38039
8.616,0.35882
8.624,0.35882
8.632,0.33922
8.64,0.3451
8.648,0.3549
8.656,0.3549
8.664,0.33922
8.672,0.27451
8.68,0.58431
8.688,1.4686
8.696,1.5039
8.704,1.5039
8.712,0.67647
8.72,0.42941
8.728,0.41569
8.736,0.38431
8.744,0.35882
8.752,0.32941
8.76,0.33922
8.768,0.35882
8.776,0.37059
8.784,0.36471
8.792,0.38431
8.8,0.38039
8.808,0.3902
8.816,0.40392
8.824,0.41569
8.832,0.42549
8.84,0.46078
8.848,0.47059
8.856,0.49412
8.864,0.51569
8.872,0.56471
8.88,0.6098
8.888,0.67059
8.896,0.71569
8.904,0.74118
8.912,0.76078
8.92,0.78039
8.928,0.78627
8.936,0.74118
8.944,0.69608
8.952,0.63529
8.96,0.57451
8.968,0.51961
8.976,0.46471
8.984,0.42549
8.992,0.4
9,0.38039
9.008,0.37451
9.016,0.35882
9.024,0.3549
9.032,0.3549
9.04,0.35882
9.048,0.37451
9.056,0.37059
9.064,0.37451
9.072,0.37059
9.08,0.3902
9.088,0.39412
9.096,0.3902
9.104,0.40392
9.112,0.4098
9.12,0.4
9.128,0.40392
9.136,0.40392
9.144,0.3902
9.152,0.38431
9.16,0.36471
9.168,0.39412
9.176,0.4098
9.184,0.42549
9.192,0.42549
9.2,0.41569
9.208,0.41569
9.216,0.37059
9.224,0.38431
9.232,0.38039
9.24,0.4
9.248,0.3902
9.256,0.38039
9.264,0.35882
9.272,0.3451
9.28,0.37059
9.288,0.36471
9.296,0.38431
9.304,0.30392
9.312,0.2902
9.32,0.89608
9.328,1.5039
9.336,1.5039
9.344,1.0922
9.352,0.4902
9.36,0.42549
9.368,0.40392
9.376,0.38039
9.384,0.37451
9.392,0.3549
9.4,0.37059
9.408,0.4
9.416,0.41569
9.424,0.42549
9.432,0.46078
9.44,0.47059
9.448,0.47059
9.456,0.48431
9.464,0.5
9.472,0.51569
9.48,0.53529
9.488,0.5549
9.496,0.58039
9.504,0.61569
9.512,0.6549
9.52,0.6902
9.528,0.7451
9.536,0.78039
9.544,0.8
9.552,0.81569
9.56,0.82549
9.568,0.79608
9.576,0.75098
9.584,0.69608
9.592,0.6451
9.6,0.57451
9.608,0.5098
9.616,0.46078
9.624,0.41961
9.632,0.3902
9.64,0.37059
9.648,0.36471
9.656,0.3549
9.664,0.3549
9.672,0.35882
9.68,0.3549
9.688,0.37059
9.696,0.38039
9.704,0.37451
9.712,0.38039
9.72,0.38431
9.728,0.38431
9.736,0.38431
9.744,0.3902
9.752,0.37451
9.76,0.37059
9.768,0.36471
9.776,0.3549
9.784,0.33922
9.792,0.34902
9.8,0.35882
9.808,0.37451
9.816,0.37059
9.824,0.35882
9.832,0.37059
9.84,0.3451
9.848,0.31961
9.856,0.31373
9.864,0.31961
9.872,0.3451
9.88,0.33922
9.888,0.33529
9.896,0.31961
9.904,0.3098
9.912,0.31961
9.92,0.3098
9.928,0.3098
9.936,0.2549
9.944,0.24902
9.952,0.91569
9.96,1.5039
9.968,1.5039
9.976,1.051
9.984,0.36471
9.992,0.30392
10,0.32941
10.008,0.30392
10.016,0.3
10.024,0.28431
10.032,0.2902
10.04,0.3098
10.048,0.31373
10.056,0.32353
10.064,0.33529
10.072,0.33529
10.08,0.3451
10.088,0.36471
10.096,0.37451
10.104,0.3902
10.112,0.42549
10.12,0.4451
10.128,0.48039
10.136,0.52549
10.144,0.5549
10.152,0.61961
10.16,0.67059
10.168,0.72549
10.176,0.7451
10.184,0.74118
10.192,0.7549
10.2,0.72549
10.208,0.6902
10.216,0.62549
10.224,0.56471
10.232,0.48431
10.24,0.42941
10.248,0.36471
10.256,0.32941
10.264,0.30392
10.272,0.2902
10.28,0.28431
10.288,0.27843
10.296,0.27451
10.304,0.27843
10.312,0.27451
10.32,0.29412
10.328,0.30392
10.336,0.3098
10.344,0.32353
10.352,0.32941
10.36,0.33529
10.368,0.33529
10.376,0.33529
10.384,0.32353
10.392,0.31961
10.4,0.3098
10.408,0.3
10.416,0.29412
10.424,0.3
10.432,0.3098
10.44,0.31373
10.448,0.32353
10.456,0.32941
10.464,0.32941
10.472,0.32353
10.48,0.30392
10.488,0.30392
10.496,0.31373
10.504,0.33529
10.512,0.3451
10.52,0.33529
10.528,0.34902
10.536,0.32941
10.544,0.33922
10.552,0.32941
10.56,0.33922
10.568,0.3
10.576,0.2549
10.584,0.66078
10.592,1.5039
10.6,1.5039
10.608,1.4569
10.616,0.50588
10.624,0.34902
10.632,0.36471
10.64,0.3451
10.648,0.33529
10.656,0.31961
10.664,0.3098
10.672,0.32941
10.68,0.33529
10.688,0.3549
10.696,0.35882
10.704,0.36471
10.712,0.37451
10.72,0.39412
10.728,0.4098
10.736,0.40392
10.744,0.44902
10.752,0.46078
10.76,0.5
10.768,0.53529
10.776,0.57451
10.784,0.61569
10.792,0.67059
10.8,0.71569
10.808,0.7549
10.816,0.77647
10.824,0.76667
10.832,0.78039
10.84,0.74118
10.848,0.6902
10.856,0.61961
10.864,0.56078
10.872,0.49412
10.88,0.43922
10.888,0.40392
10.896,0.37451
10.904,0.3451
10.912,0.33922
10.92,0.32941
10.928,0.32353
10.936,0.31961
10.944,0.32353
10.952,0.34902
10.96,0.34902
10.968,0.35882
10.976,0.37451
10.984,0.37059
10.992,0.38039
11,0.38431
11.008,0.3902
11.016,0.3902
11.024,0.4
11.032,0.38039
11.04,0.37451
11.048,0.36471
11.056,0.37451
11.064,0.36471
11.072,0.38431
11.08,0.40392
11.088,0.4
11.096,0.3902
11.104,0.40392
11.112,0.38431
11.12,0.34902
11.128,0.34902
11.136,0.3549
11.144,0.37059
11.152,0.36471
11.16,0.37059
11.168,0.3549
11.176,0.33922
11.184,0.3451
11.192,0.33922
11.2,0.3451
11.208,0.27843
11.216,0.26863
11.224,0.97059
11.232,1.5039
11.24,1.5039
11.248,1.0275
11.256,0.4902
11.264,0.42549
11.272,0.4
11.28,0.37451
11.288,0.34902
11.296,0.33529
11.304,0.3451
11.312,0.37451
11.32,0.34902
11.328,0.35882
11.336,0.37451
11.344,0.38039
11.352,0.38431
11.36,0.39412
11.368,0.4098
11.376,0.41569
11.384,0.43922
11.392,0.46078
11.4,0.48039
11.408,0.52549
11.416,0.57059
11.424,0.6098
11.432,0.66078
11.44,0.7
11.448,0.72157
11.456,0.73529
11.464,0.73529
11.472,0.72549
11.48,0.6902
11.488,0.65098
11.496,0.5902
11.504,0.53529
11.512,0.48039
11.52,0.43529
11.528,0.39412
11.536,0.37059
11.544,0.3549
11.552,0.34902
11.56,0.3451
11.568,0.3549
11.576,0.34902
11.584,0.36471
11.592,0.37059
11.6,0.37451
11.608,0.37059
11.616,0.37451
11.624,0.37451
11.632,0.38039
11.64,0.3902
11.648,0.39412
11.656,0.39412
11.664,0.4
11.672,0.4
11.68,0.38431
11.688,0.37451
11.696,0.37451
11.704,0.37059
11.712,0.40392
11.72,0.42549
11.728,0.4098
11.736,0.40392
11.744,0.38431
11.752,0.3549
11.76,0.3549
11.768,0.3549
11.776,0.37451
11.784,0.38039
11.792,0.37451
11.8,0.38039
11.808,0.36471
11.816,0.37059
11.824,0.38431
11.832,0.4
11.84,0.34902
11.848,0.31961
11.856,0.90588
11.864,1.5039
11.872,1.5039
11.88,1.1569
11.888,0.5098
11.896,0.4451
11.904,0.43529
11.912,0.41569
11.92,0.39412
11.928,0.36471
11.936,0.3549
11.944,0.38039
11.952,0.40392
11.96,0.3902
11.968,0.40392
11.976,0.42549
11.984,0.42941
11.992,0.42941
12,0.4451
12.008,0.44902
12.016,0.47059
12.024,0.48431
12.032,0.5098
12.04,0.5451
12.048,0.58431
12.056,0.64118
12.064,0.67647
12.072,0.71569
12.08,0.7451
12.088,0.7549
12.096,0.7549
12.104,0.74118
12.112,0.7098
12.12,0.65098
12.128,0.58431
12.136,0.52549
12.144,0.47059
12.152,0.42549
12.16,0.38039
12.168,0.37059
12.176,0.34902
12.184,0.33529
12.192,0.32353
12.2,0.32941
12.208,0.32941
12.216,0.32353
12.224,0.33529
12.232,0.33922
12.24,0.34902
12.248,0.3549
12.256,0.3549
12.264,0.3549
12.272,0.35882
12.28,0.3549
12.288,0.3451
12.296,0.33529
12.304,0.3451
12.312,0.33529
12.32,0.32353
12.328,0.33529
12.336,0.34902
12.344,0.34902
12.352,0.35882
12.36,0.34902
12.368,0.3451
12.376,0.32941
12.384,0.3098
12.392,0.30392
12.4,0.32353
12.408,0.31961
12.416,0.32941
12.424,0.32353
12.432,0.31373
12.44,0.3098
12.448,0.30392
12.456,0.3098
12.464,0.30392
12.472,0.24902
12.48,0.44902
12.488,1.2275
12.496,1.5039
12.504,1.5039
12.512,0.75098
12.52,0.31961
12.528,0.3098
12.536,0.32941
12.544,0.31373
12.552,0.2902
12.56,0.29412
12.568,0.3
12.576,0.3098
12.584,0.31373
12.592,0.32353
12.6,0.32941
12.608,0.33529
12.616,0.34902
12.624,0.37059
12.632,0.36471
12.64,0.38431
12.648,0.41569
12.656,0.4549
12.664,0.4902
12.672,0.52549
12.68,0.5902
12.688,0.6549
12.696,0.69608
12.704,0.73529
12.712,0.76078
12.72,0.78039
12.728,0.74118
12.736,0.70588
12.744,0.66471
12.752,0.60588
12.76,0.5098
12.768,0.4549
12.776,0.40392
12.784,0.3451
12.792,0.31373
12.8,0.3
12.808,0.3098
12.816,0.28431
12.824,0.3
12.832,0.2902
12.84,0.30392
12.848,0.28431
12.856,0.3098
12.864,0.3098
12.872,0.32941
12.88,0.33529
12.888,0.3549
12.896,0.34902
12.904,0.3451
12.912,0.35882
12.92,0.33922
12.928,0.33529
12.936,0.34902
12.944,0.37451
12.952,0.33922
12.96,0.32941
12.968,0.32353
12.976,0.35882
12.984,0.38431
12.992,0.38039
13,0.36471
13.008,0.37451
13.016,0.33529
13.024,0.31961
13.032,0.34902
13.04,0.31961
13.048,0.32353
13.056,0.34902
13.064,0.33922
13.072,0.31961
13.08,0.3098
13.088,0.3451
13.096,0.3549
13.104,0.32353
13.112,0.2902
13.12,0.80588
13.128,1.5039
13.136,1.5039
13.144,1.4725
13.152,0.4902
13.16,0.3451
13.168,0.38431
13.176,0.3549
13.184,0.3451
13.192,0.33529
13.2,0.33529
13.208,0.34902
13.216,0.3451
13.224,0.3549
13.232,0.37451
13.24,0.38431
13.248,0.4
13.256,0.42941
13.264,0.4451
13.272,0.47451
13.28,0.5
13.288,0.52549
13.296,0.5549
13.304,0.59608
13.312,0.64118
13.32,0.68039
13.328,0.73529
13.336,0.78627
13.344,0.80588
13.352,0.80588
13.36,0.8
13.368,0.78627
13.376,0.7451
13.384,0.69608
13.392,0.62941
13.4,0.57059
13.408,0.5098
13.416,0.4549
13.424,0.41569
13.432,0.38431
13.44,0.36471
13.448,0.36471
13.456,0.3549
13.464,0.36471
13.472,0.3549
13.48,0.36471
13.488,0.38039
13.496,0.38039
13.504,0.39412
13.512,0.40392
13.52,0.41961
13.528,0.42549
13.536,0.42941
13.544,0.43529
13.552,0.43922
13.56,0.42941
13.568,0.42549
13.576,0.41569
13.584,0.4098
13.592,0.39412
13.6,0.4
13.608,0.39412
13.616,0.4
13.624,0.42549
13.632,0.42549
13.64,0.42549
13.648,0.41961
13.656,0.39412
13.664,0.37451
13.672,0.38039
13.68,0.3902
13.688,0.40392
13.696,0.3902
13.704,0.38431
13.712,0.38039
13.72,0.37059
13.728,0.37059
13.736,0.37451
13.744,0.37451
13.752,0.27451
13.76,0.4098
13.768,1.1314
13.776,1.5039
13.784,1.5039
13.792,0.88039
13.8,0.43922
13.808,0.42549
13.816,0.41961
13.824,0.38431
13.832,0.3451
13.84,0.32941
13.848,0.33922
13.856,0.3549
13.864,0.3549
13.872,0.37059
13.88,0.38039
13.888,0.3902
13.896,0.4
13.904,0.4098
13.912,0.42549
13.92,0.4451
13.928,0.4549
13.936,0.48431
13.944,0.5098
13.952,0.5451
13.96,0.5902
13.968,0.64118
13.976,0.6902
13.984,0.73137
13.992,0.7549
14,0.77059
14.008,0.76667
14.016,0.7451
14.024,0.70588
14.032,0.6451
14.04,0.58039
14.048,0.5098
14.056,0.44902
14.064,0.40392
14.072,0.37451
14.08,0.3451
14.088,0.32941
14.096,0.31373
14.104,0.3098
14.112,0.3098
14.12,0.31373
14.128,0.31373
14.136,0.32941
14.144,0.33529
14.152,0.3451
14.16,0.34902
14.168,0.3549
14.176,0.3549
14.184,0.36471
14.192,0.3549
14.2,0.37451
14.208,0.36471
14.216,0.35882
14.224,0.3549
14.232,0.3549
14.24,0.3549
14.248,0.3549
14.256,0.36471
14.264,0.38039
14.272,0.40392
14.28,0.39412
14.288,0.38039
14.296,0.35882
14.304,0.32353
14.312,0.30392
14.32,0.33529
14.328,0.3451
14.336,0.33922
14.344,0.33529
14.352,0.32353
14.36,0.31373
14.368,0.32353
14.376,0.33529
14.384,0.33529
14.392,0.2549
14.4,0.24902
14.408,0.8902
14.416,1.5039
14.424,1.5039
14.432,0.98235
14.44,0.46078
14.448,0.41569
14.456,0.38431
14.464,0.34902
14.472,0.33529
14.48,0.31961
14.488,0.33529
14.496,0.34902
14.504,0.3549
14.512,0.37451
14.52,0.38431
14.528,0.36471
14.536,0.35882
14.544,0.38039
14.552,0.4
14.56,0.41569
14.568,0.43922
14.576,0.4549
14.584,0.48431
14.592,0.52941
14.6,0.56471
14.608,0.61569
14.616,0.66078
14.624,0.69608
14.632,0.72157
14.64,0.73137
14.648,0.73137
14.656,0.7098
14.664,0.68039
14.672,0.6451
14.68,0.58039
14.688,0.52941
14.696,0.48039
14.704,0.43529
14.712,0.4
14.72,0.37059
14.728,0.33922
14.736,0.33529
14.744,0.33529
14.752,0.33529
14.76,0.32353
14.768,0.3451
14.776,0.34902
14.784,0.3451
14.792,0.3549
14.8,0.35882
14.808,0.35882
14.816,0.36471
14.824,0.36471
14.832,0.37451
14.84,0.38039
14.848,0.37451
14.856,0.38039
14.864,0.36471
14.872,0.3549
14.88,0.34902
14.888,0.37059
14.896,0.38431
14.904,0.4
14.912,0.40392
14.92,0.39412
14.928,0.38431
14.936,0.3549
14.944,0.33922
14.952,0.3451
14.96,0.3549
14.968,0.35882
14.976,0.3549
14.984,0.3549
14.992,0.3451
15,0.33529
15.008,0.33529
15.016,0.32941
15.024,0.33922
15.032,0.25882
15.04,0.42941
15.048,1.1471
15.056,1.5039
15.064,1.5039
15.072,0.75098
15.08,0.40392
15.088,0.3902
15.096,0.39412
15.104,0.36471
15.112,0.33529
15.12,0.32941
15.128,0.32941
15.136,0.34902
15.144,0.3549
15.152,0.36471
15.16,0.38431
15.168,0.3902
15.176,0.3902
15.184,0.41569
15.192,0.42549
15.2,0.42941
15.208,0.44902
15.216,0.47059
15.224,0.5
15.232,0.53922
15.24,0.58431
15.248,0.63529
15.256,0.67647
15.264,0.71569
15.272,0.74118
15.28,0.7451
15.288,0.7451
15.296,0.73137
15.304,0.7
15.312,0.66078
15.32,0.61569
15.328,0.57059
15.336,0.52549
15.344,0.49412
15.352,0.46078
15.36,0.43529
15.368,0.42549
15.376,0.40392
15.384,0.4
15.392,0.4098
15.4,0.4098
15.408,0.41569
15.416,0.42549
15.424,0.41961
15.432,0.42549
15.44,0.41961
15.448,0.42549
15.456,0.41569
15.464,0.4098
15.472,0.40392
15.48,0.39412
15.488,0.39412
15.496,0.3902
15.504,0.38039
15.512,0.38039
15.52,0.36471
15.528,0.37451
15.536,0.39412
15.544,0.4
15.552,0.4
15.56,0.39412
15.568,0.38431
15.576,0.35882
15.584,0.3549
15.592,0.3549
15.6,0.35882
15.608,0.36471
15.616,0.3549
15.624,0.3549
15.632,0.33529
15.64,0.32941
15.648,0.33529
15.656,0.33529
15.664,0.3451
15.672,0.26863
15.68,0.68039
15.688,1.5039
15.696,1.5039
15.704,1.2824
15.712,0.44902
15.72,0.32941
15.728,0.3451
15.736,0.32941
15.744,0.31961
15.752,0.30392
15.76,0.3
15.768,0.31373
15.776,0.31961
15.784,0.31373
15.792,0.32941
15.8,0.33529
15.808,0.33529
15.816,0.35882
15.824,0.37451
15.832,0.39412
15.84,0.40392
15.848,0.41961
15.856,0.4549
15.864,0.49412
15.872,0.53529
15.88,0.57059
15.888,0.61961
15.896,0.66471
15.904,0.70588
15.912,0.71569
15.92,0.71569
15.928,0.7
15.936,0.66471
15.944,0.62941
15.952,0.57451
15.96,0.5098
15.968,0.44902
15.976,0.40392
15.984,0.35882
15.992,0.33529
16,0.30392
16.008,0.3
16.016,0.30392
16.024,0.3
16.032,0.3
16.04,0.29412
16.048,0.3098
16.056,0.31373
16.064,0.31373
16.072,0.32941
16.08,0.33529
16.088,0.33529
16.096,0.3451
16.104,0.3451
16.112,0.34902
16.12,0.33922
16.128,0.33529
16.136,0.32941
16.144,0.32353
16.152,0.31961
16.16,0.31373
16.168,0.33922
16.176,0.3451
16.184,0.33529
16.192,0.32353
16.2,0.3098
16.208,0.28431
16.216,0.27451
16.224,0.26471
16.232,0.27451
16.24,0.27843
16.248,0.26471
16.256,0.26471
16.264,0.25882
16.272,0.26863
16.28,0.27451
16.288,0.28431
16.296,0.2902
16.304,0.25882
16.312,0.62941
16.32,1.5039
16.328,1.5039
16.336,1.5039
16.344,0.55098
16.352,0.32353
16.36,0.3451
16.368,0.33529
16.376,0.32353
16.384,0.31373
16.392,0.31373
16.4,0.32941
16.408,0.3549
16.416,0.3549
16.424,0.3549
16.432,0.36471
16.44,0.37059
16.448,0.38039
16.456,0.40392
16.464,0.42549
16.472,0.43922
16.48,0.46471
16.488,0.4902
16.496,0.52549
16.504,0.57451
16.512,0.62549
16.52,0.67647
16.528,0.73137
16.536,0.76667
16.544,0.78039
16.552,0.79608
16.56,0.77647
16.568,0.76667
16.576,0.72157
16.584,0.6549
16.592,0.59608
16.6,0.52941
16.608,0.47451
16.616,0.42549
16.624,0.39412
16.632,0.37059
16.64,0.3451
16.648,0.3451
16.656,0.33922
16.664,0.3451
16.672,0.33922
16.68,0.3549
16.688,0.35882
16.696,0.37059
16.704,0.38039
16.712,0.39412
16.72,0.40392
16.728,0.4098
16.736,0.4098
16.744,0.41569
16.752,0.4
16.76,0.39412
16.768,0.4
16.776,0.3902
16.784,0.37451
16.792,0.37451
16.8,0.38039
16.808,0.40392
16.816,0.4098
16.824,0.42549
16.832,0.41569
16.84,0.40392
16.848,0.37451
16.856,0.35882
16.864,0.36471
16.872,0.37451
16.88,0.38431
16.888,0.36471
16.896,0.37059
16.904,0.3549
16.912,0.3549
16.92,0.3549
16.928,0.34902
16.936,0.35882
16.944,0.26863
16.952,0.4902
16.96,1.3078
16.968,1.5039
16.976,1.5039
16.984,0.77647
16.992,0.4549
17,0.4451
17.008,0.40392
17.016,0.38039
17.024,0.3549
17.032,0.34902
17.04,0.3549
17.048,0.36471
17.056,0.37059
17.064,0.3902
17.072,0.4
17.08,0.38431
17.088,0.40392
17.096,0.42549
17.104,0.43529
17.112,0.4451
17.12,0.46078
17.128,0.48431
17.136,0.50588
17.144,0.5549
17.152,0.59608
17.16,0.65098
17.168,0.6902
17.176,0.71569
17.184,0.74118
17.192,0.7451
17.2,0.74118
17.208,0.72157
17.216,0.6902
17.224,0.63529
17.232,0.58431
17.24,0.53529
17.248,0.49412
17.256,0.43922
17.264,0.41961
17.272,0.38431
17.28,0.3902
17.288,0.37451
17.296,0.35882
17.304,0.3549
17.312,0.38039
17.32,0.38039
17.328,0.3902
17.336,0.38431
17.344,0.40392
17.352,0.4
17.36,0.39412
17.368,0.4098
17.376,0.40392
17.384,0.4
17.392,0.4
17.4,0.4
17.408,0.39412
17.416,0.3902
17.424,0.38039
17.432,0.38039
17.44,0.38039
17.448,0.4098
17.456,0.41961
17.464,0.43529
17.472,0.4098
17.48,0.4
17.488,0.36471
17.496,0.35882
17.504,0.35882
17.512,0.38039
17.52,0.3902
17.528,0.38431
17.536,0.38039
17.544,0.36471
17.552,0.36471
17.56,0.36471
17.568,0.37451
17.576,0.38039
17.584,0.3098
17.592,0.61569
17.6,1.4882
17.608,1.5039
17.616,1.5039
17.624,0.62941
17.632,0.43529
17.64,0.4451
17.648,0.44902
17.656,0.42941
17.664,0.4
17.672,0.38039
17.68,0.4
17.688,0.42549
17.696,0.42549
17.704,0.41961
17.712,0.42549
17.72,0.43922
17.728,0.4451
17.736,0.44902
17.744,0.46078
17.752,0.47451
17.76,0.49412
17.768,0.50588
17.776,0.52941
17.784,0.56471
17.792,0.6
17.8,0.6451
17.808,0.68627
17.816,0.71569
17.824,0.73137
17.832,0.74118
17.84,0.73137
17.848,0.72157
17.856,0.68039
17.864,0.62941
17.872,0.56471
17.88,0.51569
17.888,0.46471
17.896,0.42549
17.904,0.4
17.912,0.37451
17.92,0.35882
17.928,0.3549
17.936,0.3549
17.944,0.35882
17.952,0.3549
17.96,0.3549
17.968,0.3549
17.976,0.36471
17.984,0.37059
17.992,0.38039
18,0.38431
18.008,0.37059
18.016,0.36471
18.024,0.37059
18.032,0.36471
18.04,0.3549
18.048,0.3549
18.056,0.3549
18.064,0.33529
18.072,0.33529
18.08,0.34902
18.088,0.3549
18.096,0.36471
18.104,0.3549
18.112,0.3549
18.12,0.32353
18.128,0.3098
18.136,0.31373
18.144,0.32353
18.152,0.33529
18.16,0.32353
18.168,0.32941
18.176,0.3098
18.184,0.3098
18.192,0.3098
18.2,0.3098
18.208,0.31961
18.216,0.26863
18.224,0.6
18.232,1.5039
18.24,1.5039
18.248,1.5039
18.256,0.56471
18.264,0.3098
18.272,0.33529
18.28,0.32941
18.288,0.31373
18.296,0.31961
18.304,0.3098
18.312,0.3098
18.32,0.32353
18.328,0.32941
18.336,0.33529
18.344,0.33922
18.352,0.3549
18.36,0.37451
18.368,0.38431
18.376,0.39412
18.384,0.40392
18.392,0.42941
18.4,0.47059
18.408,0.50588
18.416,0.56078
18.424,0.61569
18.432,0.67059
18.44,0.6902
18.448,0.73529
18.456,0.7549
18.464,0.7549
18.472,0.7451
18.48,0.71569
18.488,0.67059
18.496,0.6098
18.504,0.53529
18.512,0.47451
18.52,0.41569
18.528,0.35882
18.536,0.32353
18.544,0.29412
18.552,0.27843
18.56,0.26863
18.568,0.27451
18.576,0.26863
18.584,0.27451
18.592,0.28431
18.6,0.28431
18.608,0.3
18.616,0.3098
18.624,0.31373
18.632,0.31961
18.64,0.32353
18.648,0.32941
18.656,0.33529
18.664,0.33922
18.672,0.33529
18.68,0.33922
18.688,0.33922
18.696,0.33922
18.704,0.33922
18.712,0.3549
18.72,0.37059
18.728,0.37451
18.736,0.36471
18.744,0.35882
18.752,0.34902
18.76,0.32941
18.768,0.33529
18.776,0.32353
18.784,0.32941
18.792,0.31961
18.8,0.31961
18.808,0.31373
18.816,0.3098
18.824,0.31961
18.832,0.32941
18.84,0.33529
18.848,0.28431
18.856,0.26863
18.864,0.89608
18.872,1.5039
18.88,1.5039
18.888,1.1118
18.896,0.42941
18.904,0.37451
18.912,0.40392
18.92,0.35882
18.928,0.3451
18.936,0.33529
18.944,0.3451
18.952,0.35882
18.96,0.36471
18.968,0.38431
18.976,0.36471
18.984,0.36471
18.992,0.38039
19,0.4
19.008,0.4098
19.016,0.42549
19.024,0.4451
19.032,0.47059
19.04,0.5
19.048,0.5451
19.056,0.59608
19.064,0.65098
19.072,0.69608
19.08,0.72549
19.088,0.75098
19.096,0.7549
19.104,0.7451
19.112,0.73137
19.12,0.7
19.128,0.65098
19.136,0.5902
19.144,0.55098
19.152,0.50588
19.16,0.44902
19.168,0.41569
19.176,0.38039
19.184,0.35882
19.192,0.34902
19.2,0.33922
19.208,0.34902
19.216,0.3549
19.224,0.36471
19.232,0.34902
19.24,0.37059
19.248,0.37451
19.256,0.38039
19.264,0.38039
19.272,0.38431
19.28,0.38039
19.288,0.39412
19.296,0.3902
19.304,0.3902
19.312,0.4
19.32,0.38039
19.328,0.3902
19.336,0.3902
19.344,0.37059
19.352,0.38431
19.36,0.40392
19.368,0.41569
19.376,0.41569
19.384,0.40392
19.392,0.38431
19.4,0.37059
19.408,0.36471
19.416,0.37451
19.424,0.38431
19.432,0.3902
19.44,0.37451
19.448,0.35882
19.456,0.3549
19.464,0.3451
19.472,0.34902
19.48,0.34902
19.488,0.3
19.496,0.26471
19.504,0.85686
19.512,1.5039
19.52,1.5039
19.528,1.1314
19.536,0.4902
19.544,0.42941
19.552,0.4098
19.56,0.37451
19.568,0.35882
19.576,0.3451
19.584,0.33922
19.592,0.36471
19.6,0.37451
19.608,0.36471
19.616,0.3902
19.624,0.38431
19.632,0.39412
19.64,0.40392
19.648,0.42549
19.656,0.43922
19.664,0.46078
19.672,0.47059
19.68,0.5
19.688,0.53922
19.696,0.57451
19.704,0.62549
19.712,0.66471
19.72,0.70588
19.728,0.73137
19.736,0.73137
19.744,0.73137
19.752,0.72549
19.76,0.69608
19.768,0.6549
19.776,0.60588
19.784,0.55098
19.792,0.5098
19.8,0.47059
19.808,0.42941
19.816,0.4
19.824,0.38039
19.832,0.38039
19.84,0.37451
19.848,0.37451
19.856,0.38431
19.864,0.39412
19.872,0.40392
19.88,0.40392
19.888,0.41961
19.896,0.42549
19.904,0.43922
19.912,0.44902
19.92,0.4549
19.928,0.44902
19.936,0.4549
19.944,0.44902
19.952,0.46471
19.96,0.44902
19.968,0.43922
19.976,0.42941
19.984,0.42549
19.992,0.43529
20,0.4451
20.008,0.4451
20.016,0.43529
20.024,0.42549
20.032,0.40392
20.04,0.38039
20.048,0.37059
20.056,0.37451
20.064,0.38039
20.072,0.38039
20.08,0.37451
20.088,0.37059
20.096,0.3549
20.104,0.34902
20.112,0.3549
20.12,0.36471
20.128,0.30392
20.136,0.29412
20.144,0.93725
20.152,1.5039
20.16,1.5039
20.168,1.0471
20.176,0.41569
20.184,0.37451
20.192,0.38431
20.2,0.3549
20.208,0.32353
20.216,0.31961
20.224,0.32941
20.232,0.32353
20.24,0.33529
20.248,0.33922
20.256,0.34902
20.264,0.3549
20.272,0.35882
20.28,0.37451
20.288,0.38431
20.296,0.40392
20.304,0.41961
20.312,0.43922
20.32,0.47059
20.328,0.5098
20.336,0.5451
20.344,0.6
20.352,0.64118
20.36,0.68039
20.368,0.70588
20.376,0.72549
20.384,0.72157
20.392,0.6902
20.4,0.67647
20.408,0.62549
20.416,0.57451
20.424,0.50588
20.432,0.44902
20.44,0.4
20.448,0.35882
20.456,0.33922
20.464,0.31373
20.472,0.30392
20.48,0.3098
20.488,0.31961
20.496,0.3098
20.504,0.31961
20.512,0.33529
20.52,0.33529
20.528,0.33529
20.536,0.33922
20.544,0.3549
20.552,0.36471
20.56,0.3451
20.568,0.35882
20.576,0.3549
20.584,0.3451
20.592,0.3451
20.6,0.33529
20.608,0.33529
20.616,0.33529
20.624,0.33922
20.632,0.3451
20.64,0.36471
20.648,0.3549
20.656,0.35882
20.664,0.33529
20.672,0.31961
20.68,0.31373
20.688,0.32353
20.696,0.33922
20.704,0.34902
20.712,0.33529
20.72,0.33529
20.728,0.31961
20.736,0.31961
20.744,0.32941
20.752,0.33529
20.76,0.30392
20.768,0.28431
20.776,0.83137
20.784,1.5039
20.792,1.5039
20.8,1.2275
20.808,0.39412
20.816,0.2902
20.824,0.31373
20.832,0.3098
20.84,0.29412
20.848,0.27843
20.856,0.27451
20.864,0.28431
20.872,0.3
20.88,0.32941
20.888,0.3451
20.896,0.3549
20.904,0.35882
20.912,0.37451
20.92,0.3902
20.928,0.41961
20.936,0.4451
20.944,0.46471
20.952,0.49412
20.96,0.52941
20.968,0.57451
20.976,0.62941
20.984,0.6902
20.992,0.73137
21,0.76667
21.008,0.77647
21.016,0.76078
21.024,0.75098
21.032,0.71569
21.04,0.66471
21.048,0.59608
21.056,0.53922
21.064,0.48431
21.072,0.41961
21.08,0.38039
21.088,0.3549
21.096,0.33529
21.104,0.32941
21.112,0.31961
21.12,0.31373
21.128,0.32353
21.136,0.31961
21.144,0.32941
21.152,0.33529
21.16,0.34902
21.168,0.3549
21.176,0.37451
21.184,0.38431
21.192,0.38039
21.2,0.39412
21.208,0.3902
21.216,0.4
21.224,0.38039
21.232,0.38039
21.24,0.37059
21.248,0.3549
21.256,0.3549
21.264,0.36471
21.272,0.38039
21.28,0.39412
21.288,0.40392
21.296,0.4098
21.304,0.4
21.312,0.37451
21.32,0.3451
21.328,0.3451
21.336,0.34902
21.344,0.36471
21.352,0.37059
21.36,0.35882
21.368,0.37059
21.376,0.34902
21.384,0.35882
21.392,0.3549
21.4,0.34902
21.408,0.27843
21.416,0.4549
21.424,1.2078
21.432,1.5039
21.44,1.5039
21.448,0.8451
21.456,0.47059
21.464,0.4451
21.472,0.4098
21.48,0.3902
21.488,0.34902
21.496,0.3451
21.504,0.35882
21.512,0.36471
21.52,0.35882
21.528,0.38431
21.536,0.39412
21.544,0.3902
21.552,0.41961
21.56,0.42549
21.568,0.43529
21.576,0.44902
21.584,0.46078
21.592,0.49412
21.6,0.51569
21.608,0.5451
21.616,0.6098
21.624,0.65098
21.632,0.68627
21.64,0.72157
21.648,0.73529
21.656,0.74118
21.664,0.7451
21.672,0.72549
21.68,0.69608
21.688,0.65098
21.696,0.60588
21.704,0.55098
21.712,0.50588
21.72,0.46078
21.728,0.42549
21.736,0.40392
21.744,0.38431
21.752,0.4
21.76,0.38039
21.768,0.37451
21.776,0.37059
21.784,0.38039
21.792,0.38039
21.8,0.38039
21.808,0.38431
21.816,0.38431
21.824,0.40392
21.832,0.40392
21.84,0.4098
21.848,0.40392
21.856,0.40392
21.864,0.4
21.872,0.39412
21.88,0.4098
21.888,0.4
21.896,0.40392
21.904,0.40392
21.912,0.4098
21.92,0.42941
21.928,0.43922
21.936,0.41961
21.944,0.41569
21.952,0.3902
21.96,0.36471
21.968,0.35882
21.976,0.37451
21.984,0.38039
21.992,0.38431
22,0.38039
22.008,0.35882
22.016,0.3549
22.024,0.3549
22.032,0.35882
22.04,0.37059
22.048,0.29412
22.056,0.46078
22.064,1.151
22.072,1.5039
22.08,1.5039
22.088,0.82157
22.096,0.4451
22.104,0.42549
22.112,0.43922
22.12,0.42549
22.128,0.4
22.136,0.38431
22.144,0.4
22.152,0.43529
22.16,0.44902
22.168,0.44902
22.176,0.46471
22.184,0.47059
22.192,0.47451
22.2,0.48039
22.208,0.4902
22.216,0.5
22.224,0.5098
22.232,0.52549
22.24,0.55098
22.248,0.58431
22.256,0.6098
22.264,0.66471
22.272,0.70588
22.28,0.73529
22.288,0.7549
22.296,0.75098
22.304,0.7549
22.312,0.73137
22.32,0.69608
22.328,0.6549
22.336,0.5902
22.344,0.53529
22.352,0.49412
22.36,0.44902
22.368,0.40392
22.376,0.38039
22.384,0.36471
22.392,0.35882
22.4,0.35882
22.408,0.35882
22.416,0.36471
22.424,0.38039
22.432,0.38039
22.44,0.38431
22.448,0.3902
22.456,0.39412
22.464,0.3902
22.472,0.38039
22.48,0.38039
22.488,0.38431
22.496,0.38039
22.504,0.37451
22.512,0.35882
22.52,0.33922
22.528,0.3451
22.536,0.33529
22.544,0.33922
22.552,0.37059
22.56,0.37059
22.568,0.35882
22.576,0.36471
22.584,0.34902
22.592,0.33529
22.6,0.32353
22.608,0.32941
22.616,0.33529
22.624,0.3451
22.632,0.33529
22.64,0.31961
22.648,0.31373
22.656,0.3098
22.664,0.32353
22.672,0.32353
22.68,0.2902
22.688,0.26471
22.696,0.83529
22.704,1.5039
22.712,1.5039
22.72,1.1667
22.728,0.39412
22.736,0.3098
22.744,0.32941
22.752,0.31373
22.76,0.3098
22.768,0.3098
22.776,0.3098
22.784,0.31961
22.792,0.33529
22.8,0.3451
22.808,0.33922
22.816,0.3549
22.824,0.3549
22.832,0.3549
22.84,0.37059
22.848,0.3902
22.856,0.40392
22.864,0.43529
22.872,0.46471
22.88,0.50588
22.888,0.53529
22.896,0.59608
22.904,0.65098
22.912,0.69608
22.92,0.72549
22.928,0.73137
22.936,0.73137
22.944,0.71569
22.952,0.68039
22.96,0.62941
22.968,0.57059
22.976,0.50588
22.984,0.43529
22.992,0.38431
23,0.3451
23.008,0.3098
23.016,0.28431
23.024,0.27843
23.032,0.27451
23.04,0.26863
23.048,0.27451
23.056,0.26863
23.064,0.28431
23.072,0.28431
23.08,0.29412
23.088,0.30392
23.096,0.31373
23.104,0.32941
23.112,0.32941
23.12,0.32353
23.128,0.33529
23.136,0.32353
23.144,0.31961
23.152,0.31961
23.16,0.31373
23.168,0.31373
23.176,0.32353
23.184,0.34902
23.192,0.37059
23.2,0.38039
23.208,0.37059
23.216,0.36471
23.224,0.33922
23.232,0.31961
23.24,0.32941
23.248,0.33529
23.256,0.3549
23.264,0.34902
23.272,0.3451
23.28,0.3549
23.288,0.32941
23.296,0.33529
23.304,0.33529
23.312,0.32353
23.32,0.23922
23.328,0.41569
23.336,1.1961
23.344,1.5039
23.352,1.5039
23.36,0.82157
23.368,0.3902
23.376,0.37451
23.384,0.38431
23.392,0.3549
23.4,0.33922
23.408,0.33529
23.416,0.35882
23.424,0.37451
23.432,0.38039
23.44,0.37059
23.448,0.38039
23.456,0.38039
23.464,0.40392
23.472,0.42549
23.48,0.43922
23.488,0.44902
23.496,0.47059
23.504,0.49412
23.512,0.53529
23.52,0.56471
23.528,0.6098
23.536,0.6549
23.544,0.7098
23.552,0.75098
23.56,0.77647
23.568,0.78039
23.576,0.76667
23.584,0.7549
23.592,0.71569
23.6,0.66471
23.608,0.60588
23.616,0.55098
23.624,0.5
23.632,0.4549
23.64,0.41569
23.648,0.38431
23.656,0.35882
23.664,0.3549
23.672,0.3549
23.68,0.3549
23.688,0.35882
23.696,0.35882
23.704,0.36471
23.712,0.38039
23.72,0.38431
23.728,0.3902
23.736,0.3902
23.744,0.39412
23.752,0.39412
23.76,0.3902
23.768,0.39412
23.776,0.38039
23.784,0.38039
23.792,0.37059
23.8,0.35882
23.808,0.3549
23.816,0.37059
23.824,0.3902
23.832,0.4
23.84,0.41569
23.848,0.40392
23.856,0.4
23.864,0.37059
23.872,0.3451
23.88,0.34902
23.888,0.3549
23.896,0.37059
23.904,0.38039
23.912,0.36471
23.92,0.34902
23.928,0.3549
23.936,0.34902
23.944,0.3549
23.952,0.35882
23.96,0.27451
23.968,0.43529
23.976,1.1176
23.984,1.5039
23.992,1.5039
24,0.8451
24.008,0.43529
24.016,0.41961
24.024,0.39412
24.032,0.38039
24.04,0.3549
24.048,0.33922
24.056,0.34902
24.064,0.37451
24.072,0.36471
24.08,0.3902
24.088,0.4
24.096,0.38431
24.104,0.40392
24.112,0.41961
24.12,0.43529
24.128,0.44902
24.136,0.46471
24.144,0.4902
24.152,0.51569
24.16,0.5451
24.168,0.5902
24.176,0.63529
24.184,0.66471
24.192,0.70588
24.2,0.73529
24.208,0.73137
24.216,0.73137
24.224,0.7098
24.232,0.68039
24.24,0.62941
24.248,0.58431
24.256,0.52941
24.264,0.49412
24.272,0.43529
24.28,0.40392
24.288,0.39412
24.296,0.38039
24.304,0.36471
24.312,0.35882
24.32,0.36471
24.328,0.35882
24.336,0.36471
24.344,0.37451
24.352,0.38039
24.36,0.38039
24.368,0.38431
24.376,0.38039
24.384,0.38431
24.392,0.39412
24.4,0.4
24.408,0.4
24.416,0.3902
24.424,0.3902
24.432,0.3902
24.44,0.38039
24.448,0.38431
24.456,0.38039
24.464,0.4
24.472,0.4098
24.48,0.42549
24.488,0.4098
24.496,0.41569
24.504,0.37451
24.512,0.35882
24.52,0.38039
24.528,0.39412
24.536,0.4098
24.544,0.41569
24.552,0.40392
24.56,0.3902
24.568,0.38039
24.576,0.3902
24.584,0.39412
24.592,0.4
24.6,0.31961
24.608,0.52549
24.616,1.2922
24.624,1.5039
24.632,1.5039
24.64,0.75098
24.648,0.41569
24.656,0.4
24.664,0.39412
24.672,0.38431
24.68,0.35882
24.688,0.33529
24.696,0.33922
24.704,0.37059
24.712,0.37451
24.72,0.37059
24.728,0.38431
24.736,0.39412
24.744,0.39412
24.752,0.40392
24.76,0.41569
24.768,0.42941
24.776,0.4451
24.784,0.46471
24.792,0.49412
24.8,0.52941
24.808,0.56471
24.816,0.61961
24.824,0.6549
24.832,0.68039
24.84,0.7
24.848,0.7098
24.856,0.7098
24.864,0.6902
24.872,0.6549
24.88,0.6098
24.888,0.56078
24.896,0.50588
24.904,0.4549
24.912,0.4
24.92,0.36471
24.928,0.3451
24.936,0.32941
24.944,0.31373
24.952,0.32353
24.96,0.32941
24.968,0.33529
24.976,0.32353
24.984,0.33529
24.992,0.33922
25,0.3549
25.008,0.33922
25.016,0.3549
25.024,0.35882
25.032,0.3549
25.04,0.3549
25.048,0.3451
25.056,0.34902
25.064,0.33529
25.072,0.32941
25.08,0.32353
25.088,0.33529
25.096,0.32941
25.104,0.35882
25.112,0.37059
25.12,0.3549
25.128,0.33922
25.136,0.33529
25.144,0.3098
25.152,0.30392
25.16,0.31373
25.168,0.32941
25.176,0.32353
25.184,0.3098
25.192,0.31961
25.2,0.31373
25.208,0.3098
25.216,0.31373
25.224,0.3098
25.232,0.27451
25.24,0.25882
25.248,0.88627
25.256,1.5039
25.264,1.5039
25.272,1.102
25.28,0.38039
25.288,0.30392
25.296,0.32941
25.304,0.31961
25.312,0.3098
25.32,0.3
25.328,0.30392
25.336,0.3098
25.344,0.32353
25.352,0.32941
25.36,0.33922
25.368,0.3549
25.376,0.3549
25.384,0.37059
25.392,0.38431
25.4,0.39412
25.408,0.41961
25.416,0.44902
25.424,0.4902
25.432,0.52549
25.44,0.57451
25.448,0.61961
25.456,0.67059
25.464,0.71569
25.472,0.73529
25.48,0.7549
25.488,0.76078
25.496,0.73137
25.504,0.6902
25.512,0.62941
25.52,0.57059
25.528,0.5
25.536,0.43922
25.544,0.38431
25.552,0.33529
25.56,0.30392
25.568,0.26863
25.576,0.2549
25.584,0.24902
25.592,0.25882
25.6,0.26471
25.608,0.27451
25.616,0.28431
25.624,0.29412
25.632,0.3098
25.64,0.32941
25.648,0.33922
25.656,0.3549
25.664,0.3549
25.672,0.35882
25.68,0.35882
25.688,0.3549
25.696,0.35882
25.704,0.3549
25.712,0.35882
25.72,0.34902
25.728,0.33922
25.736,0.3549
25.744,0.37451
25.752,0.38431
25.76,0.38039
25.768,0.38039
25.776,0.35882
25.784,0.33529
25.792,0.33529
25.8,0.33922
25.808,0.3549
25.816,0.35882
25.824,0.34902
25.832,0.33922
25.84,0.33922
25.848,0.33529
25.856,0.3451
25.864,0.3451
25.872,0.27843
25.88,0.26471
25.888,0.86667
25.896,1.5039
25.904,1.5039
25.912,1.1216
25.92,0.44902
25.928,0.3902
25.936,0.38039
25.944,0.3549
25.952,0.33922
25.96,0.32353
25.968,0.34902
25.976,0.3549
25.984,0.37451
25.992,0.38431
26,0.38431
26.008,0.38431
26.016,0.4
26.024,0.41961
26.032,0.43529
26.04,0.4451
26.048,0.46078
26.056,0.48039
26.064,0.50588
26.072,0.53922
26.08,0.57451
26.088,0.63529
26.096,0.67647
26.104,0.7098
26.112,0.74118
26.12,0.7549
26.128,0.7451
26.136,0.73137
26.144,0.7098
26.152,0.66471
26.16,0.6098
26.168,0.5451
26.176,0.50588
26.184,0.46471
26.192,0.41961
26.2,0.39412
26.208,0.37059
26.216,0.3549
26.224,0.3549
26.232,0.3549
26.24,0.3549
26.248,0.35882
26.256,0.37059
26.264,0.38039
26.272,0.38039
26.28,0.38039
26.288,0.37451
26.296,0.3902
26.304,0.39412
26.312,0.3902
26.32,0.39412
26.328,0.38431
26.336,0.39412
26.344,0.39412
26.352,0.38039
26.36,0.37451
26.368,0.38039
26.376,0.38039
26.384,0.39412
26.392,0.4098
26.4,0.4098
26.408,0.4
26.416,0.3902
26.424,0.34902
26.432,0.3549
26.44,0.3549
26.448,0.37059
26.456,0.38039
26.464,0.37059
26.472,0.36471
26.48,0.34902
26.488,0.33922
26.496,0.3549
26.504,0.3549
26.512,0.3451
26.52,0.2902
26.528,0.57451
26.536,1.4176
26.544,1.5039
26.552,1.5039
26.56,0.62549
26.568,0.40392
26.576,0.40392
26.584,0.39412
26.592,0.37451
26.6,0.34902
26.608,0.32941
26.616,0.35882
26.624,0.37451
26.632,0.37451
26.64,0.3902
26.648,0.40392
26.656,0.39412
26.664,0.4098
26.672,0.42549
26.68,0.43922
26.688,0.47059
26.696,0.47451
26.704,0.49412
26.712,0.52549
26.72,0.56471
26.728,0.6
26.736,0.6451
26.744,0.69608
26.752,0.72157
26.76,0.72549
26.768,0.73137
26.776,0.72549
26.784,0.7098
26.792,0.67647
26.8,0.64118
26.808,0.59608
26.816,0.5451
26.824,0.5
26.832,0.46078
26.84,0.42549
26.848,0.4
26.856,0.38431
26.864,0.37451
26.872,0.37451
26.88,0.38039
26.888,0.38431
26.896,0.38431
26.904,0.3902
26.912,0.39412
26.92,0.4
26.928,0.39412
26.936,0.4
26.944,0.40392
26.952,0.41569
26.96,0.42549
26.968,0.42549
26.976,0.42549
26.984,0.42941
26.992,0.42941
27,0.41961
27.008,0.4098
27.016,0.41961
27.024,0.43922
27.032,0.4549
27.04,0.46471
27.048,0.46078
27.056,0.44902
27.064,0.41961
27.072,0.4
27.08,0.3902
27.088,0.39412
27.096,0.4098
27.104,0.41569
27.112,0.39412
27.12,0.38039
27.128,0.36471
27.136,0.36471
27.144,0.35882
27.152,0.37059
27.16,0.3098
27.168,0.42549
27.176,1.0373
27.184,1.5039
27.192,1.5039
27.2,0.91176
27.208,0.39412
27.216,0.36471
27.224,0.38039
27.232,0.36471
27.24,0.33922
27.248,0.31961
27.256,0.32941
27.264,0.33529
27.272,0.3451
27.28,0.3549
27.288,0.37451
27.296,0.37451
27.304,0.38039
27.312,0.39412
27.32,0.40392
27.328,0.41569
27.336,0.42549
27.344,0.4451
27.352,0.48039
27.36,0.50588
27.368,0.5451
27.376,0.59608
27.384,0.62941
27.392,0.66078
27.4,0.68627
27.408,0.68627
27.416,0.69608
27.424,0.67059
27.432,0.6451
27.44,0.6098
27.448,0.55098
27.456,0.50588
27.464,0.43922
27.472,0.4
27.48,0.35882
27.488,0.32941
27.496,0.3098
27.504,0.3098
27.512,0.31373
27.52,0.31373
27.528,0.31961
27.536,0.31961
27.544,0.32941
27.552,0.33529
27.56,0.33529
27.568,0.3451
27.576,0.34902
27.584,0.3549
27.592,0.3549
27.6,0.34902
27.608,0.3451
27.616,0.33922
27.624,0.33529
27.632,0.33529
27.64,0.32941
27.648,0.3098
27.656,0.3098
27.664,0.32353
27.672,0.34902
27.68,0.3549
27.688,0.34902
27.696,0.33529
27.704,0.3098
27.712,0.29412
27.72,0.3098
27.728,0.31961
27.736,0.32941
27.744,0.31961
27.752,0.31961
27.76,0.3098
27.768,0.30392
27.776,0.31961
27.784,0.3098
27.792,0.32353
27.8,0.28431
27.808,0.4451
27.816,1.1059
27.824,1.5039
27.832,1.5039
27.84,0.91569
27.848,0.3549
27.856,0.3098
27.864,0.33922
27.872,0.33529
27.88,0.31961
27.888,0.31373
27.896,0.31961
27.904,0.31961
27.912,0.31961
27.92,0.33529
27.928,0.33922
27.936,0.34902
27.944,0.3549
27.952,0.37059
27.96,0.38039
27.968,0.4
27.976,0.4098
27.984,0.43922
27.992,0.47059
28,0.5098
28.008,0.55098
28.016,0.60588
28.024,0.66078
28.032,0.70588
28.04,0.73529
28.048,0.7549
28.056,0.75098
28.064,0.73137
28.072,0.6902
28.08,0.6451
28.088,0.58039
28.096,0.51569
28.104,0.4549
28.112,0.4
28.12,0.35882
28.128,0.33529
28.136,0.3098
28.144,0.29412
28.152,0.29412
28.16,0.3098
28.168,0.32353
28.176,0.32941
28.184,0.33529
28.192,0.33529
28.2,0.34902
28.208,0.3549
28.216,0.35882
28.224,0.37059
28.232,0.38039
28.24,0.37451
28.248,0.38039
28.256,0.37451
28.264,0.37059
28.272,0.3549
28.28,0.3549
28.288,0.3549
28.296,0.34902
28.304,0.3451
28.312,0.36471
28.32,0.38039
28.328,0.38039
28.336,0.37451
28.344,0.37059
28.352,0.3451
28.36,0.33529
28.368,0.33922
28.376,0.3549
28.384,0.37451
28.392,0.37059
28.4,0.38039
28.408,0.35882
28.416,0.3549
28.424,0.3549
28.432,0.34902
28.44,0.3549
28.448,0.27843
28.456,0.4451
28.464,1.1961
28.472,1.5039
28.48,1.5039
28.488,0.83137
28.496,0.42549
28.504,0.4098
28.512,0.39412
28.52,0.38039
28.528,0.35882
28.536,0.3451
28.544,0.35882
28.552,0.37059
28.56,0.3549
28.568,0.39412
28.576,0.40392
28.584,0.39412
28.592,0.40392
28.6,0.41961
28.608,0.42941
28.616,0.44902
28.624,0.46078
28.632,0.48431
28.64,0.51569
28.648,0.5549
28.656,0.5902
28.664,0.63529
28.672,0.68627
28.68,0.71569
28.688,0.73529
28.696,0.7451
28.704,0.73529
28.712,0.73137
28.72,0.68627
28.728,0.64118
28.736,0.58431
28.744,0.53529
28.752,0.4902
28.76,0.4451
28.768,0.4098
28.776,0.38431
28.784,0.37059
28.792,0.3549
28.8,0.35882
28.808,0.35882
28.816,0.36471
28.824,0.37451
28.832,0.38039
28.84,0.38039
28.848,0.38039
28.856,0.3902
28.864,0.4
28.872,0.39412
28.88,0.40392
28.888,0.4098
28.896,0.3902
28.904,0.38039
28.912,0.38039
28.92,0.37451
28.928,0.36471
28.936,0.35882
28.944,0.3549
28.952,0.3549
28.96,0.37451
28.968,0.4
28.976,0.40392
28.984,0.40392
28.992,0.39412
29,0.37059
29.008,0.34902
29.016,0.3549
29.024,0.38039
29.032,0.39412
29.04,0.38431
29.048,0.37451
29.056,0.34902
29.064,0.3451
29.072,0.3549
29.08,0.34902
29.088,0.35882
29.096,0.29412
29.104,0.4451
29.112,1.0961
29.12,1.5039
29.128,1.5039
29.136,0.84118
29.144,0.41569
29.152,0.4
29.16,0.3902
29.168,0.36471
29.176,0.37059
29.184,0.33529
29.192,0.3451
29.2,0.35882
29.208,0.37059
29.216,0.38431
29.224,0.40392
29.232,0.40392
29.24,0.40392
29.248,0.42549
29.256,0.43529
29.264,0.44902
29.272,0.47451
29.28,0.49412
29.288,0.51961
29.296,0.55098
29.304,0.59608
29.312,0.63529
29.32,0.68039
29.328,0.71569
29.336,0.7451
29.344,0.7549
29.352,0.7451
29.36,0.73137
29.368,0.7
29.376,0.6549
29.384,0.61569
29.392,0.5549
29.4,0.51569
29.408,0.47451
29.416,0.42941
29.424,0.40392
29.432,0.38431
29.44,0.37451
29.448,0.37059
29.456,0.37451
29.464,0.38039
29.472,0.38039
29.48,0.38431
29.488,0.39412
29.496,0.40392
29.504,0.40392
29.512,0.40392
29.52,0.4098
29.528,0.4098
29.536,0.41569
29.544,0.41961
29.552,0.42549
29.56,0.42549
29.568,0.42549
29.576,0.42549
29.584,0.42549
29.592,0.42941
29.6,0.4451
29.608,0.44902
29.616,0.46078
29.624,0.46471
29.632,0.4549
29.64,0.43922
29.648,0.40392
29.656,0.4
29.664,0.39412
29.672,0.40392
29.68,0.4098
29.688,0.40392
29.696,0.38039
29.704,0.37451
29.712,0.36471
29.72,0.37059
29.728,0.37451
29.736,0.3549
29.744,0.3098
29.752,0.68039
29.76,1.5039
29.768,1.5039
29.776,1.402
29.784,0.50588
29.792,0.3549
29.8,0.37451
29.808,0.36471
29.816,0.3549
29.824,0.33529
29.832,0.33529
29.84,0.33922
29.848,0.3549
29.856,0.3549
29.864,0.36471
29.872,0.37451
29.88,0.38039
29.888,0.3902
29.896,0.40392
29.904,0.41961
29.912,0.42941
29.92,0.44902
29.928,0.47059
29.936,0.50588
29.944,0.5451
29.952,0.58431
29.96,0.63529
29.968,0.67059
29.976,0.7
29.984,0.7098
29.992,0.70588
30,0.70588
30.008,0.68039
30.016,0.6451
30.024,0.59608
30.032,0.53922
30.04,0.4902
30.048,0.43922
30.056,0.3902
30.064,0.35882
30.072,0.33922
30.08,0.32353
30.088,0.32353
30.096,0.32353
30.104,0.33529
30.112,0.33529
30.12,0.33922
30.128,0.34902
30.136,0.3549
30.144,0.3549
30.152,0.36471
30.16,0.37059
30.168,0.37451
30.176,0.36471
30.184,0.35882
30.192,0.3549
30.2,0.3549
30.208,0.34902
30.216,0.3549
30.224,0.33922
30.232,0.33922
30.24,0.3451
30.248,0.34902
30.256,0.36471
30.264,0.37451
30.272,0.38039
30.28,0.35882
30.288,0.33529
30.296,0.32353
30.304,0.33922
30.312,0.34902
30.32,0.33922
30.328,0.3451
30.336,0.33529
30.344,0.31961
30.352,0.31961
30.36,0.33529
30.368,0.32941
30.376,0.31373
30.384,0.28431
30.392,0.64118
30.4,1.5039
30.408,1.5039
30.416,1.5039
30.424,0.51961
30.432,0.3098
30.44,0.33529
30.448,0.33922
30.456,0.32353
30.464,0.32353
30.472,0.31961
30.48,0.32941
30.488,0.33922
30.496,0.3451
30.504,0.34902
30.512,0.3549
30.52,0.37451
30.528,0.38431
30.536,0.4
30.544,0.4098
30.552,0.42549
30.56,0.4451
30.568,0.47451
30.576,0.51569
30.584,0.56078
30.592,0.6098
30.6,0.66078
30.608,0.70588
30.616,0.73137
30.624,0.75098
30.632,0.75098
30.64,0.74118
30.648,0.7098
30.656,0.66078
30.664,0.6
30.672,0.52941
30.68,0.46078
30.688,0.4098
30.696,0.35882
30.704,0.32941
30.712,0.3098
30.72,0.29412
30.728,0.2902
30.736,0.29412
30.744,0.31373
30.752,0.32941
30.76,0.3451
30.768,0.3451
30.776,0.3549
30.784,0.3549
30.792,0.37059
30.8,0.38039
30.808,0.38431
30.816,0.38431
30.824,0.3902
30.832,0.3902
30.84,0.38431
30.848,0.38039
30.856,0.38039
30.864,0.37059
30.872,0.36471
30.88,0.3549
30.888,0.35882
30.896,0.38039
30.904,0.39412
30.912,0.40392
30.92,0.4
30.928,0.40392
30.936,0.37059
30.944,0.3549
30.952,0.3549
30.96,0.35882
30.968,0.38039
30.976,0.38039
30.984,0.37059
30.992,0.3549
31,0.3549
31.008,0.3549
31.016,0.36471
31.024,0.35882
31.032,0.28431
31.04,0.50588
31.048,1.3333
31.056,1.5039
31.064,1.5039
31.072,0.75098
31.08,0.42941
31.088,0.41569
31.096,0.39412
31.104,0.37451
31.112,0.3549
31.12,0.34902
31.128,0.37059
31.136,0.37451
31.144,0.38039
31.152,0.39412
31.16,0.40392
31.168,0.40392
31.176,0.40392
31.184,0.42941
31.192,0.4549
31.2,0.46471
31.208,0.47451
31.216,0.49412
31.224,0.52549
31.232,0.56078
31.24,0.59608
31.248,0.6451
31.256,0.6902
31.264,0.72157
31.272,0.74118
31.28,0.7451
31.288,0.73137
31.296,0.73137
31.304,0.7
31.312,0.6451
31.32,0.60588
31.328,0.5451
31.336,0.49412
31.344,0.4451
31.352,0.4098
31.36,0.38039
31.368,0.36471
31.376,0.3549
31.384,0.3549
31.392,0.3549
31.4,0.35882
31.408,0.37451
31.416,0.38039
31.424,0.37451
31.432,0.38039
31.44,0.3902
31.448,0.38039
31.456,0.38039
31.464,0.39412
31.472,0.4
31.48,0.3902
31.488,0.38039
31.496,0.38039
31.504,0.38039
31.512,0.36471
31.52,0.37451
31.528,0.37059
31.536,0.37451
31.544,0.38431
31.552,0.40392
31.56,0.41569
31.568,0.41569
31.576,0.40392
31.584,0.3902
31.592,0.35882
31.6,0.35882
31.608,0.37059
31.616,0.38039
31.624,0.3902
31.632,0.3902
31.64,0.37059
31.648,0.3549
31.656,0.3549
31.664,0.3549
31.672,0.36471
31.68,0.31961
31.688,0.29412
31.696,0.8451
31.704,1.5039
31.712,1.5039
31.72,1.1314
31.728,0.46078
31.736,0.4098
31.744,0.41961
31.752,0.38431
31.76,0.38039
31.768,0.35882
31.776,0.3549
31.784,0.37451
31.792,0.38039
31.8,0.39412
31.808,0.41569
31.816,0.41569
31.824,0.41569
31.832,0.42549
31.84,0.4451
31.848,0.46078
31.856,0.47451
31.864,0.49412
31.872,0.51569
31.88,0.5451
31.888,0.58431
31.896,0.62549
31.904,0.66471
31.912,0.70588
31.92,0.73137
31.928,0.7451
31.936,0.75098
31.944,0.73529
31.952,0.71569
31.96,0.67647
31.968,0.62549
31.976,0.58431
31.984,0.52941
31.992,0.48431
32,0.4451
32.008,0.4098
32.016,0.38431
32.024,0.35882
32.032,0.3549
32.04,0.3549
32.048,0.3549
32.056,0.35882
32.064,0.35882
32.072,0.36471
32.08,0.37059
32.088,0.37451
32.096,0.36471
32.104,0.37451
32.112,0.38039
32.12,0.38039
32.128,0.37451
32.136,0.37451
32.144,0.36471
32.152,0.36471
32.16,0.3549
32.168,0.3549
32.176,0.34902
32.184,0.3549
32.192,0.37059
32.2,0.3902
32.208,0.4
32.216,0.4
32.224,0.3902
32.232,0.38039
32.24,0.3549
32.248,0.35882
32.256,0.38039
32.264,0.4
32.272,0.41569
32.28,0.4098
32.288,0.4
32.296,0.39412
32.304,0.39412
32.312,0.40392
32.32,0.4098
32.328,0.37059
32.336,0.34902
32.344,0.8902
32.352,1.5039
32.36,1.5039
32.368,1.1471
32.376,0.47451
32.384,0.40392
32.392,0.4098
32.4,0.39412
32.408,0.38039
32.416,0.3549
32.424,0.3549
32.432,0.35882
32.44,0.38039
32.448,0.38039
32.456,0.38431
32.464,0.39412
32.472,0.40392
32.48,0.40392
32.488,0.41961
32.496,0.43529
32.504,0.44902
32.512,0.47059
32.52,0.5
32.528,0.53529
32.536,0.56471
32.544,0.61569
32.552,0.6549
32.56,0.6902
32.568,0.7098
32.576,0.72549
32.584,0.73137
32.592,0.7098
32.6,0.68627
32.608,0.6451
32.616,0.60588
32.624,0.55098
32.632,0.49412
32.64,0.43922
32.648,0.4
32.656,0.36471
32.664,0.34902
32.672,0.33529
32.68,0.31961
32.688,0.33529
32.696,0.32941
32.704,0.32353
32.712,0.33922
32.72,0.3451
32.728,0.33922
32.736,0.3549
32.744,0.36471
32.752,0.35882
32.76,0.3549
32.768,0.35882
32.776,0.3549
32.784,0.34902
32.792,0.33529
32.8,0.33529
32.808,0.32353
32.816,0.31961
32.824,0.32353
32.832,0.33529
32.84,0.32941
32.848,0.3549
32.856,0.3549
32.864,0.35882
32.872,0.3549
32.88,0.33922
32.888,0.31961
32.896,0.31373
32.904,0.32941
32.912,0.35882
32.92,0.34902
32.928,0.3549
32.936,0.33529
32.944,0.32353
32.952,0.32941
32.96,0.33529
32.968,0.3451
32.976,0.31373
32.984,0.44902
32.992,1.0765
33,1.5039
33.008,1.5039
33.016,0.96078
33.024,0.37059
33.032,0.31961
33.04,0.3549
33.048,0.33922
33.056,0.33529
33.064,0.33529
33.072,0.32941
33.08,0.33922
33.088,0.34902
33.096,0.3549
33.104,0.36471
33.112,0.38039
33.12,0.37451
33.128,0.3902
33.136,0.4098
33.144,0.41961
33.152,0.4451
33.16,0.47059
33.168,0.51569
33.176,0.55098
33.184,0.59608
33.192,0.65098
33.2,0.70588
33.208,0.7451
33.216,0.77059
33.224,0.78039
33.232,0.78039
33.24,0.76667
33.248,0.73137
33.256,0.67647
33.264,0.60588
33.272,0.52941
33.28,0.46471
33.288,0.4098
33.296,0.35882
33.304,0.32353
33.312,0.30392
33.32,0.2902
33.328,0.2902
33.336,0.29412
33.344,0.3
33.352,0.3098
33.36,0.31961
33.368,0.32941
33.376,0.33922
33.384,0.3549
33.392,0.35882
33.4,0.35882
33.408,0.36471
33.416,0.37451
33.424,0.37451
33.432,0.37059
33.44,0.35882
33.448,0.3549
33.456,0.34902
33.464,0.34902
33.472,0.3451
33.48,0.33922
33.488,0.3549
33.496,0.38039
33.504,0.39412
33.512,0.38431
33.52,0.38431
33.528,0.36471
33.536,0.3451
33.544,0.33922
33.552,0.3549
33.56,0.37059
33.568,0.35882
33.576,0.35882
33.584,0.3549
33.592,0.34902
33.6,0.34902
33.608,0.3549
33.616,0.35882
33.624,0.31961
33.632,0.3
33.64,0.88627
33.648,1.5039
33.656,1.5039
33.664,1.1765
33.672,0.48039
33.68,0.4
33.688,0.40392
33.696,0.39412
33.704,0.37451
33.712,0.3549
33.72,0.3549
33.728,0.35882
33.736,0.38039
33.744,0.38431
33.752,0.4
33.76,0.4098
33.768,0.4098
33.776,0.42549
33.784,0.43922
33.792,0.4549
33.8,0.47451
33.808,0.5
33.816,0.52549
33.824,0.55098
33.832,0.59608
33.84,0.63529
33.848,0.68039
33.856,0.7098
33.864,0.74118
33.872,0.7549
33.88,0.7549
33.888,0.74118
33.896,0.72157
33.904,0.68039
33.912,0.64118
33.92,0.58431
33.928,0.52549
33.936,0.47451
33.944,0.43922
33.952,0.40392
33.96,0.38039
33.968,0.37059
33.976,0.35882
33.984,0.35882
33.992,0.3549
34,0.37059
34.008,0.38039
34.016,0.38039
34.024,0.38431
34.032,0.39412
34.04,0.4
34.048,0.4
34.056,0.39412
34.064,0.4
34.072,0.4
34.08,0.3902
34.088,0.38431
34.096,0.38431
34.104,0.37451
34.112,0.35882
34.12,0.3549
34.128,0.3549
34.136,0.3549
34.144,0.36471
34.152,0.38039
34.16,0.39412
34.168,0.39412
34.176,0.3902
34.184,0.37059
34.192,0.33922
34.2,0.33529
34.208,0.3549
34.216,0.36471
34.224,0.37059
34.232,0.35882
34.24,0.34902
34.248,0.33922
34.256,0.33529
34.264,0.3451
34.272,0.35882
34.28,0.32353
34.288,0.2902
34.296,0.77059
34.304,1.5039
34.312,1.5039
34.32,1.2922
34.328,0.51569
34.336,0.40392
34.344,0.4098
34.352,0.3902
34.36,0.37059
34.368,0.3549
34.376,0.3549
34.384,0.37059
34.392,0.38039
34.4,0.39412
34.408,0.40392
34.416,0.41569
34.424,0.41961
34.432,0.42941
34.44,0.4451
34.448,0.46078
34.456,0.47451
34.464,0.4902
34.472,0.51961
34.48,0.5451
34.488,0.58431
34.496,0.61961
34.504,0.68039
34.512,0.7098
34.52,0.74118
34.528,0.7549
34.536,0.76078
34.544,0.7451
34.552,0.72549
34.56,0.6902
34.568,0.6451
34.576,0.59608
34.584,0.53922
34.592,0.4902
34.6,0.4549
34.608,0.42549
34.616,0.4
34.624,0.38431
34.632,0.37451
34.64,0.37451
34.648,0.37059
34.656,0.37451
34.664,0.38039
34.672,0.38039
34.68,0.38431
34.688,0.39412
34.696,0.4
34.704,0.3902
34.712,0.39412
34.72,0.3902
34.728,0.39412
34.736,0.38039
34.744,0.38039
34.752,0.38039
34.76,0.37451
34.768,0.37059
34.776,0.3549
34.784,0.3549
34.792,0.3549
34.8,0.36471
34.808,0.38039
34.816,0.39412
34.824,0.4
34.832,0.3902
34.84,0.36471
34.848,0.3451
34.856,0.33922
34.864,0.3549
34.872,0.38039
34.88,0.38039
34.888,0.37059
34.896,0.3549
34.904,0.3451
34.912,0.3549
34.92,0.36471
34.928,0.37451
34.936,0.33529
34.944,0.39412
34.952,0.82549
34.96,1.5039
34.968,1.5039
34.976,1.2275
34.984,0.5098
34.992,0.41961
35,0.42549
